<?xml version="1.0" encoding="UTF-8" ?>
<extension version="1.5" type="plugin" group="vmshipment">
    <name>Fargo Courier</name>
    <creationDate>May 29 2014</creationDate>
    <author>Pesapal Development Team</author>
    <authorUrl>http://www.pesapal.com</authorUrl>
    <copyright>Copyright (C) 2014 Pesapal Team. All rights reserved.</copyright>
    <license>http://www.gnu.org/licenses/gpl-2.0.html GNU/GPL</license>
    <version>2.6.6</version>
    <description>VMSHIPMENT_FARGO_COURIER_PLUGIN_DESC</description>
    <files>
        <filename plugin="fargo_courier">fargo_courier.php</filename>
        <filename>vmstates.php</filename>
        <filename>install.mysql.utf8.sql</filename>
        <filename>uninstall.mysql.utf8.sql</filename>
        <folder>language</folder>
    </files>
    <scriptfile>script.php</scriptfile>
    <install>
    <sql>
        <file driver="mysql" charset="utf8">install.mysql.utf8.sql</file>
    </sql>
    </install>
    <uninstall> <!-- Runs on uninstall -->
                <sql>
                        <file driver="mysql" charset="utf8">uninstall.mysql.utf8.sql</file>
                </sql>
        </uninstall>
    <languages>
        <language tag="en-GB">en-GB.plg_vmshipment_fargo_courier.ini</language>
    </languages>
    <params addpath="/plugins/vmshipment/fargo_courier/elements"/>
    <params addpath="/administrator/components/com_virtuemart/elements">
        <param type="vmjpluginwarning"/>
        <param type="spacer" default="VMSHIPMENT_FARGO_COURIER_PLUGIN" level="level1"/>
        <param name="shipment_logos" type="vmfiles" label="VMSHIPMENT_FARGO_COURIER_LOGOS"
               description="VMSHIPMENT_FARGO_COURIER_LOGOS_DESC"
               directory="/images/stories/virtuemart/shipment"
               default="default" hide_default="1" hide_none="1"
               stripext="0" exclude="^_"/>
        <param name="collection_point" type="radio" default=""
               label="VMSHIPMENT_FARGO_COURIER_COLLECTION_POINT" description="VMSHIPMENT_FARGO_COURIER_COLLECTION_POINT_DESC">
        <option value="fargo">Fargo Branch</option>
        <option value="physical">Physical Address</option>
               </param>
         <param name="fargo_token" type="text" size="30" default="" label="VMSHIPMENT_FARGO_COURIER_TOKEN"
               description="VMSHIPMENT_FARGO_COURIER_TOKEN_DESC"/>
        <param name="fargo_url" type="text" size="30" default="" label="VMSHIPMENT_FARGO_COURIER_URL"
               description="VMSHIPMENT_FARGO_COURIER_URL_DESC"/>
        <param name="first_name" type="text" size="10" default="" label="VMSHIPMENT_FARGO_COURIER_FIRST_NAME"
               description="VMSHIPMENT_FARGO_COURIER_FIRST_NAME_DESC"/>
        <param name="last_name" type="text" size="10" default="" label="VMSHIPMENT_FARGO_COURIER_LAST_NAME"
               description="VMSHIPMENT_FARGO_COURIER_LAST_NAME_DESC"/>
        <param name="email" type="text" size="10" default="" label="VMSHIPMENT_FARGO_COURIER_EMAIL"
               description="VMSHIPMENT_FARGO_COURIER_EMAIL_DESC"/>
        <param name="states" type="vmstates" scope= "com_virtuemart" default="" label="VMSHIPMENT_FARGO_COURIER_TOWN_TO_COLLECT_FROM"
               description="VMSHIPMENT_FARGO_COURIER_TOWN_TO_COLLECT_FROM_DESC"/> 
        <param name="sender_tel" type="text" size="10" default="" label="VMSHIPMENT_FARGO_COURIER_SENDER_TEL"
               description="VMSHIPMENT_FARGO_COURIER_SENDER_TEL_DESC"/>
        <param name="building_name" type="text" size="10" default=""
               label="VMSHIPMENT_FARGO_COURIER_BUILDING_NAME"
               description="VMSHIPMENT_FARGO_COURIER_BUILDING_NAME_DESC"/>
        <param name="street" type="text" size="10" default=""
               label="VMSHIPMENT_FARGO_COURIER_STREET"
               description="VMSHIPMENT_FARGO_COURIER_STREET_DESC"/>
        <param name="suburb" type="text" size="10" default=""
               label="VMSHIPMENT_FARGO_COURIER_SUBURB"
               description="VMSHIPMENT_FARGO_COURIER_SUBURB_DESC"/>
        <param name="additional_information" type="text" size="10" default=""
               label="VMSHIPMENT_FARGO_COURIER_ADDITIONAL_COLLECTION"
               description="VMSHIPMENT_FARGO_COURIER_ADDITIONAL_COLLECTION_DESC"/>
    </params>
    <config>
        <fields name="params">
            <fieldset name="template">
                <field type="vmjpluginwarning"/>
                <field name="shipment_logos" type="media" directory="/images/stories/virtuemart/shipment"
                       hide_none="1" label="VMSHIPMENT_FARGO_COURIER_LOGOS"
                       size="40"
                       description="VMSHIPMENT_FARGO_COURIER_LOGOS_DESC"/>
            </fieldset>
            
             <field name="collection_point" type="radio" default=""
               label="VMSHIPMENT_FARGO_COURIER_COLLECTION_POINT" description="VMSHIPMENT_FARGO_COURIER_COLLECTION_POINT_DESC">
        <option value="fargo">Fargo Branch</option>
        <option value="physical">Physical Address</option>
               </field>
        <field name="fargo_token" type="text" size="30" default="" label="VMSHIPMENT_FARGO_COURIER_TOKEN"
               description="VMSHIPMENT_FARGO_COURIER_TOKEN_DESC"/>
        <field name="fargo_url" type="text" size="30" default="" label="VMSHIPMENT_FARGO_COURIER_URL"
               description="VMSHIPMENT_FARGO_COURIER_URL_DESC"/>
        <field name="first_name" type="text" size="10" default="" label="VMSHIPMENT_FARGO_COURIER_FIRST_NAME"
               description="VMSHIPMENT_FARGO_COURIER_FIRST_NAME_DESC"/>
        <field name="last_name" type="text" size="10" default="" label="VMSHIPMENT_FARGO_COURIER_LAST_NAME"
               description="VMSHIPMENT_FARGO_COURIER_LAST_NAME_DESC"/>
        <field name="collection_town" type="text" size="10" default="" label="VMSHIPMENT_FARGO_COURIER_TOWN_TO_COLLECT_FROM"
               description="VMSHIPMENT_FARGO_COURIER_TOWN_TO_COLLECT_FROM_DESC"/>
        <field name="branch" type="text" size="10" default="" label="VMSHIPMENT_FARGO_COURIER_BRANCH"
               description="VMSHIPMENT_FARGO_COURIER_BRANCH_DESC"/>
        <field name="sender_tel" type="text" size="10" default="" label="VMSHIPMENT_FARGO_COURIER_SENDER_TEL"
               description="VMSHIPMENT_FARGO_COURIER_SENDER_TEL_DESC"/>
        <field name="building_name" type="text" size="10" default=""
               label="VMSHIPMENT_FARGO_COURIER_BUILDING_NAME"
               description="VMSHIPMENT_FARGO_COURIER_BUILDING_NAME_DESC"/>
        <field name="street" type="text" size="10" default=""
               label="VMSHIPMENT_FARGO_COURIER_STREET"
               description="VMSHIPMENT_FARGO_COURIER_STREET_DESC"/>
        <field name="suburb" type="text" size="10" default=""
               label="VMSHIPMENT_FARGO_COURIER_SUBURB"
               description="VMSHIPMENT_FARGO_COURIER_SUBURB_DESC"/>
        <field name="additional_collections" type="text" size="10" default=""
               label="VMSHIPMENT_FARGO_COURIER_ADDITIONAL_COLLECTION"
               description="VMSHIPMENT_FARGO_COURIER_ADDITIONAL_COLLECTION_DESC"/>
        
        </fields>
    </config>
    <updateservers>
        <!-- Note: No spaces or linebreaks allowed between the server tags -->
        <server type="extension" name="VirtueMart plg_vmshipment_fargo_courier Update Site"><![CDATA[http://virtuemart.net/releases/vm2/plg_vmshipment_fargo_courier_update.xml]]></server>
    </updateservers>
</extension>
