<?xml version="1.0" encoding="UTF-8" ?>
<extension version="2.5" type="plugin" group="vmpayment" method="upgrade">
    <name>PesaPal</name>
    <creationDate>September 21 2015</creationDate>
    <author>Lazaro Ong'ele</author>
    <authorUrl>http://developer.pesapal.com</authorUrl>
    <copyright>Copyright (C) 2015 PesaPal Team. All rights reserved.</copyright>
    <license>http://www.gnu.org/licenses/gpl-2.0.html GNU/GPL</license>
    <version>3.0.10</version>
    <description>PesaPal</description>
    <files>
        <filename plugin="pesapal">pesapal.php</filename>
        <folder>language</folder>
        <folder>pesapal</folder>
    </files>
    <vmconfig>
        <fields name="params">
            <fieldset name="basic" addfieldpath="/plugins/vmpayment/pesapal/pesapal/fields">

                <field class="level1" type="vmtitle" default="VMPAYMENT_PESAPAL_BASIC_PARAMS"/>
                <field name="pesapalproduct" type="list" default="hosted" label="VMPAYMENT_PESAPAL_PRODUCTS"
                       description="VMPAYMENT_PESAPAL_PRODUCTS_DESC">
                    <option value="hosted">VMPAYMENT_PESAPAL_PRODUCTS_HOSTED</option>
                    <option value="api">VMPAYMENT_PESAPAL_PRODUCTS_API</option>
                </field>
                <field class="" name="sandbox" type="radio" default="1" label="VMPAYMENT_PESAPAL_SHOP_MODE"
                       description="VMPAYMENT_PESAPAL_SHOP_MODE_DESC">
                    <option value="0">VMPAYMENT_PESAPAL_PRODUCTION</option>
                    <option value="1">VMPAYMENT_PESAPAL_SANDBOX</option>
                </field>
                <field class="sandbox_warning" type="vmtitle" default=""
                       description="VMPAYMENT_PESAPAL_SANDBOX_WARNING"/>

                <field class="api live" name="live_consumer_key" type="text" size="80" default=""
                       label="VMPAYMENT_PESAPAL_CONSUMER_KEY"/>
                <field class="api live" name="live_consumer_secret" type="text" size="80" default=""
                       label="VMPAYMENT_PESAPAL_CONSUMER_SECRET"/>
                <field class="api sandbox" name="sandbox_consumer_key" type="text" size="80" default=""
                       label="VMPAYMENT_PESAPAL_SANDBOX_CONSUMER_KEY"/>
                <field class="api sandbox" name="sandbox_consumer_secret" type="text" size="80" default=""
                       label="VMPAYMENT_PESAPAL_SANDBOX_CONSUMER_SECRET"/>

                <field type="vmtitle" default="VMPAYMENT_PESAPAL_ORDER_STATUS_SECTION"
                       description="VMPAYMENT_PESAPAL_ORDER_STATUS_SECTION_DESC"/>
                <field name="status_pending" type="vmorderstate" scope="com_virtuemart" default="P"
                       label="VMPAYMENT_PESAPAL_STATUS_PENDING" description="VMPAYMENT_PESAPAL_STATUS_PENDING_TIP"/>
                <field name="status_success" type="vmorderstate" scope="com_virtuemart" default="C"
                       label="VMPAYMENT_PESAPAL_STATUS_SUCCESS" description="VMPAYMENT_PESAPAL_STATUS_SUCCESS_TIP"/>
                <field name="status_canceled" type="vmorderstate" scope="com_virtuemart" default="X"
                       label="VMPAYMENT_PESAPAL_STATUS_CANCEL" description="VMPAYMENT_PESAPAL_STATUS_CANCEL_TIP"/>
            </fieldset>
        </fields>
    </vmconfig>
    <updateservers>
        <!-- Note: No spaces or linebreaks allowed between the server tags -->
        <server type="extension" name="VirtueMart plg_vmpayment_pesapal Update Site"><![CDATA[http://virtuemart.net/releases/vm3/plg_vmpayment_pesapal_update.xml]]></server></updateservers>

</extension>
